,News Channel,Date,Compound,Positive,Neutral,Negative,Tweets Ago
0,@BBCNews,Wed Mar 07 22:36:52 +0000 2018,0.0,0.0,1.0,0.0,1
1,@BBCNews,Wed Mar 07 22:36:16 +0000 2018,0.0,0.0,1.0,0.0,2
2,@BBCNews,Wed Mar 07 22:35:39 +0000 2018,-0.4939,0.0,0.802,0.198,3
3,@BBCNews,Wed Mar 07 22:34:43 +0000 2018,-0.4939,0.0,0.824,0.176,4
4,@BBCNews,Wed Mar 07 22:16:54 +0000 2018,-0.5719,0.0,0.764,0.236,5
5,@BBCNews,Wed Mar 07 22:15:30 +0000 2018,-0.4939,0.0,0.802,0.198,6
6,@BBCNews,Wed Mar 07 22:15:07 +0000 2018,-0.4939,0.0,0.802,0.198,7
7,@BBCNews,Wed Mar 07 22:14:47 +0000 2018,-0.1027,0.115,0.747,0.138,8
8,@BBCNews,Wed Mar 07 22:14:22 +0000 2018,0.0,0.0,1.0,0.0,9
9,@BBCNews,Wed Mar 07 19:25:19 +0000 2018,-0.6369,0.0,0.656,0.344,10
10,@BBCNews,Wed Mar 07 19:20:27 +0000 2018,-0.34,0.195,0.519,0.286,11
11,@BBCNews,Wed Mar 07 18:09:26 +0000 2018,-0.4939,0.0,0.811,0.189,12
12,@BBCNews,Wed Mar 07 17:46:24 +0000 2018,-0.6908,0.0,0.749,0.251,13
13,@BBCNews,Wed Mar 07 17:38:13 +0000 2018,-0.6908,0.0,0.657,0.343,14
14,@BBCNews,Wed Mar 07 17:05:03 +0000 2018,0.128,0.23,0.576,0.194,15
15,@BBCNews,Wed Mar 07 16:54:42 +0000 2018,0.0,0.0,1.0,0.0,16
16,@BBCNews,Wed Mar 07 16:53:22 +0000 2018,-0.1531,0.148,0.656,0.197,17
17,@BBCNews,Wed Mar 07 16:43:33 +0000 2018,0.0,0.0,1.0,0.0,18
18,@BBCNews,Wed Mar 07 16:42:13 +0000 2018,-0.8176,0.0,0.691,0.309,19
19,@BBCNews,Wed Mar 07 16:26:59 +0000 2018,-0.8625,0.0,0.625,0.375,20
20,@CBSNews,Wed Mar 07 23:44:52 +0000 2018,-0.7269,0.0,0.705,0.295,1
21,@CBSNews,Wed Mar 07 23:43:35 +0000 2018,0.0,0.0,1.0,0.0,2
22,@CBSNews,Wed Mar 07 23:40:59 +0000 2018,0.2732,0.104,0.896,0.0,3
23,@CBSNews,Wed Mar 07 23:38:14 +0000 2018,-0.4588,0.068,0.727,0.205,4
24,@CBSNews,Wed Mar 07 23:36:45 +0000 2018,0.0,0.0,1.0,0.0,5
25,@CBSNews,Wed Mar 07 23:34:48 +0000 2018,-0.3818,0.0,0.88,0.12,6
26,@CBSNews,Wed Mar 07 23:33:00 +0000 2018,-0.4767,0.0,0.866,0.134,7
27,@CBSNews,Wed Mar 07 23:30:01 +0000 2018,0.0,0.0,1.0,0.0,8
28,@CBSNews,Wed Mar 07 23:10:03 +0000 2018,-0.3612,0.0,0.884,0.116,9
29,@CBSNews,Wed Mar 07 23:06:30 +0000 2018,0.4215,0.157,0.843,0.0,10
30,@CBSNews,Wed Mar 07 22:50:01 +0000 2018,0.5267,0.183,0.739,0.078,11
31,@CBSNews,Wed Mar 07 22:30:02 +0000 2018,0.3551,0.101,0.899,0.0,12
32,@CBSNews,Wed Mar 07 22:10:01 +0000 2018,0.0,0.0,1.0,0.0,13
33,@CBSNews,Wed Mar 07 21:50:01 +0000 2018,-0.4767,0.0,0.788,0.212,14
34,@CBSNews,Wed Mar 07 21:30:01 +0000 2018,0.0,0.0,1.0,0.0,15
35,@CBSNews,Wed Mar 07 21:10:01 +0000 2018,0.0,0.0,1.0,0.0,16
36,@CBSNews,Wed Mar 07 20:50:56 +0000 2018,0.128,0.134,0.711,0.155,17
37,@CBSNews,Wed Mar 07 20:30:32 +0000 2018,0.0,0.0,1.0,0.0,18
38,@CBSNews,Wed Mar 07 20:06:11 +0000 2018,0.0,0.0,1.0,0.0,19
39,@CBSNews,Wed Mar 07 20:03:14 +0000 2018,0.5719,0.171,0.829,0.0,20
40,@CNN,Wed Mar 07 23:49:33 +0000 2018,0.0,0.0,1.0,0.0,1
41,@CNN,Wed Mar 07 23:45:57 +0000 2018,0.7184,0.286,0.714,0.0,2
42,@CNN,Wed Mar 07 23:35:01 +0000 2018,-0.6983,0.0,0.746,0.254,3
43,@CNN,Wed Mar 07 23:32:23 +0000 2018,0.0,0.0,1.0,0.0,4
44,@CNN,Wed Mar 07 23:31:00 +0000 2018,0.0,0.0,1.0,0.0,5
45,@CNN,Wed Mar 07 23:27:58 +0000 2018,-0.25,0.068,0.818,0.114,6
46,@CNN,Wed Mar 07 23:23:33 +0000 2018,0.4215,0.135,0.865,0.0,7
47,@CNN,Wed Mar 07 23:16:04 +0000 2018,-0.8934,0.0,0.599,0.401,8
48,@CNN,Wed Mar 07 23:12:04 +0000 2018,0.0,0.0,1.0,0.0,9
49,@CNN,Wed Mar 07 23:06:12 +0000 2018,-0.2263,0.153,0.605,0.242,10
50,@CNN,Wed Mar 07 23:06:07 +0000 2018,0.0,0.0,1.0,0.0,11
51,@CNN,Wed Mar 07 23:03:03 +0000 2018,0.0,0.0,1.0,0.0,12
52,@CNN,Wed Mar 07 22:59:07 +0000 2018,-0.0762,0.0,0.925,0.075,13
53,@CNN,Wed Mar 07 22:52:05 +0000 2018,0.0,0.0,1.0,0.0,14
54,@CNN,Wed Mar 07 22:44:07 +0000 2018,0.0,0.0,1.0,0.0,15
55,@CNN,Wed Mar 07 22:37:47 +0000 2018,0.0,0.0,1.0,0.0,16
56,@CNN,Wed Mar 07 22:37:37 +0000 2018,-0.2263,0.056,0.855,0.089,17
57,@CNN,Wed Mar 07 22:34:06 +0000 2018,-0.5719,0.0,0.68,0.32,18
58,@CNN,Wed Mar 07 22:30:25 +0000 2018,-0.8074,0.0,0.733,0.267,19
59,@CNN,Wed Mar 07 22:27:25 +0000 2018,-0.4019,0.0,0.87,0.13,20
60,@FoxNews,Wed Mar 07 23:43:13 +0000 2018,0.5994,0.353,0.647,0.0,1
61,@FoxNews,Wed Mar 07 23:32:48 +0000 2018,-0.2023,0.0,0.816,0.184,2
62,@FoxNews,Wed Mar 07 23:30:45 +0000 2018,0.0516,0.156,0.699,0.145,3
63,@FoxNews,Wed Mar 07 23:26:23 +0000 2018,0.0,0.0,1.0,0.0,4
64,@FoxNews,Wed Mar 07 23:22:11 +0000 2018,-0.2732,0.0,0.861,0.139,5
65,@FoxNews,Wed Mar 07 23:18:35 +0000 2018,-0.2263,0.0,0.888,0.112,6
66,@FoxNews,Wed Mar 07 23:07:04 +0000 2018,-0.7783,0.112,0.449,0.438,7
67,@FoxNews,Wed Mar 07 23:01:44 +0000 2018,0.0,0.0,1.0,0.0,8
68,@FoxNews,Wed Mar 07 22:58:00 +0000 2018,0.5574,0.223,0.777,0.0,9
69,@FoxNews,Wed Mar 07 22:57:23 +0000 2018,-0.5423,0.0,0.741,0.259,10
70,@FoxNews,Wed Mar 07 22:57:00 +0000 2018,0.0,0.0,1.0,0.0,11
71,@FoxNews,Wed Mar 07 22:45:10 +0000 2018,0.0,0.0,1.0,0.0,12
72,@FoxNews,Wed Mar 07 22:39:00 +0000 2018,0.8225,0.286,0.714,0.0,13
73,@FoxNews,Wed Mar 07 22:32:00 +0000 2018,-0.5106,0.0,0.823,0.177,14
74,@FoxNews,Wed Mar 07 22:30:00 +0000 2018,0.3832,0.178,0.822,0.0,15
75,@FoxNews,Wed Mar 07 22:24:34 +0000 2018,0.0,0.0,1.0,0.0,16
76,@FoxNews,Wed Mar 07 22:15:00 +0000 2018,0.0,0.0,1.0,0.0,17
77,@FoxNews,Wed Mar 07 22:10:53 +0000 2018,-0.8166,0.0,0.694,0.306,18
78,@FoxNews,Wed Mar 07 22:09:57 +0000 2018,0.5574,0.153,0.847,0.0,19
79,@FoxNews,Wed Mar 07 22:03:00 +0000 2018,-0.5106,0.0,0.852,0.148,20
80,@nytimes,Wed Mar 07 23:46:20 +0000 2018,0.0,0.0,1.0,0.0,1
81,@nytimes,Wed Mar 07 23:32:02 +0000 2018,0.4019,0.124,0.876,0.0,2
82,@nytimes,Wed Mar 07 23:17:06 +0000 2018,0.0,0.0,1.0,0.0,3
83,@nytimes,Wed Mar 07 23:00:44 +0000 2018,-0.1531,0.123,0.727,0.15,4
84,@nytimes,Wed Mar 07 22:56:16 +0000 2018,-0.3612,0.0,0.898,0.102,5
85,@nytimes,Wed Mar 07 22:45:10 +0000 2018,0.0,0.0,1.0,0.0,6
86,@nytimes,Wed Mar 07 22:30:10 +0000 2018,0.0,0.0,1.0,0.0,7
87,@nytimes,Wed Mar 07 22:15:03 +0000 2018,0.0,0.0,1.0,0.0,8
88,@nytimes,Wed Mar 07 22:00:44 +0000 2018,0.2263,0.137,0.863,0.0,9
89,@nytimes,Wed Mar 07 21:52:04 +0000 2018,0.0,0.0,1.0,0.0,10
90,@nytimes,Wed Mar 07 21:45:07 +0000 2018,-0.296,0.0,0.909,0.091,11
91,@nytimes,Wed Mar 07 21:30:04 +0000 2018,0.5719,0.188,0.812,0.0,12
92,@nytimes,Wed Mar 07 21:22:32 +0000 2018,0.4939,0.158,0.842,0.0,13
93,@nytimes,Wed Mar 07 21:19:00 +0000 2018,0.0,0.0,1.0,0.0,14
94,@nytimes,Wed Mar 07 21:14:00 +0000 2018,0.7783,0.387,0.511,0.102,15
95,@nytimes,Wed Mar 07 21:10:00 +0000 2018,-0.7506,0.1,0.571,0.329,16
96,@nytimes,Wed Mar 07 21:05:08 +0000 2018,-0.4588,0.051,0.82,0.129,17
97,@nytimes,Wed Mar 07 21:00:25 +0000 2018,0.5574,0.141,0.859,0.0,18
98,@nytimes,Wed Mar 07 20:45:06 +0000 2018,-0.0258,0.17,0.654,0.176,19
99,@nytimes,Wed Mar 07 20:39:34 +0000 2018,0.0,0.0,1.0,0.0,20
100,@BBCNews,Wed Mar 07 22:36:52 +0000 2018,0.0,0.0,1.0,0.0,1
101,@BBCNews,Wed Mar 07 22:36:16 +0000 2018,0.0,0.0,1.0,0.0,2
102,@BBCNews,Wed Mar 07 22:35:39 +0000 2018,-0.4939,0.0,0.802,0.198,3
103,@BBCNews,Wed Mar 07 22:34:43 +0000 2018,-0.4939,0.0,0.824,0.176,4
104,@BBCNews,Wed Mar 07 22:16:54 +0000 2018,-0.5719,0.0,0.764,0.236,5
105,@BBCNews,Wed Mar 07 22:15:30 +0000 2018,-0.4939,0.0,0.802,0.198,6
106,@BBCNews,Wed Mar 07 22:15:07 +0000 2018,-0.4939,0.0,0.802,0.198,7
107,@BBCNews,Wed Mar 07 22:14:47 +0000 2018,-0.1027,0.115,0.747,0.138,8
108,@BBCNews,Wed Mar 07 22:14:22 +0000 2018,0.0,0.0,1.0,0.0,9
109,@BBCNews,Wed Mar 07 19:25:19 +0000 2018,-0.6369,0.0,0.656,0.344,10
110,@BBCNews,Wed Mar 07 19:20:27 +0000 2018,-0.34,0.195,0.519,0.286,11
111,@BBCNews,Wed Mar 07 18:09:26 +0000 2018,-0.4939,0.0,0.811,0.189,12
112,@BBCNews,Wed Mar 07 17:46:24 +0000 2018,-0.6908,0.0,0.749,0.251,13
113,@BBCNews,Wed Mar 07 17:38:13 +0000 2018,-0.6908,0.0,0.657,0.343,14
114,@BBCNews,Wed Mar 07 17:05:03 +0000 2018,0.128,0.23,0.576,0.194,15
115,@BBCNews,Wed Mar 07 16:54:42 +0000 2018,0.0,0.0,1.0,0.0,16
116,@BBCNews,Wed Mar 07 16:53:22 +0000 2018,-0.1531,0.148,0.656,0.197,17
117,@BBCNews,Wed Mar 07 16:43:33 +0000 2018,0.0,0.0,1.0,0.0,18
118,@BBCNews,Wed Mar 07 16:42:13 +0000 2018,-0.8176,0.0,0.691,0.309,19
119,@BBCNews,Wed Mar 07 16:26:59 +0000 2018,-0.8625,0.0,0.625,0.375,20
120,@CBSNews,Wed Mar 07 23:51:02 +0000 2018,0.0,0.0,1.0,0.0,1
121,@CBSNews,Wed Mar 07 23:44:52 +0000 2018,-0.7269,0.0,0.705,0.295,2
122,@CBSNews,Wed Mar 07 23:43:35 +0000 2018,0.0,0.0,1.0,0.0,3
123,@CBSNews,Wed Mar 07 23:40:59 +0000 2018,0.2732,0.104,0.896,0.0,4
124,@CBSNews,Wed Mar 07 23:38:14 +0000 2018,-0.4588,0.068,0.727,0.205,5
125,@CBSNews,Wed Mar 07 23:36:45 +0000 2018,0.0,0.0,1.0,0.0,6
126,@CBSNews,Wed Mar 07 23:34:48 +0000 2018,-0.3818,0.0,0.88,0.12,7
127,@CBSNews,Wed Mar 07 23:33:00 +0000 2018,-0.4767,0.0,0.866,0.134,8
128,@CBSNews,Wed Mar 07 23:30:01 +0000 2018,0.0,0.0,1.0,0.0,9
129,@CBSNews,Wed Mar 07 23:10:03 +0000 2018,-0.3612,0.0,0.884,0.116,10
130,@CBSNews,Wed Mar 07 23:06:30 +0000 2018,0.4215,0.157,0.843,0.0,11
131,@CBSNews,Wed Mar 07 22:50:01 +0000 2018,0.5267,0.183,0.739,0.078,12
132,@CBSNews,Wed Mar 07 22:30:02 +0000 2018,0.3551,0.101,0.899,0.0,13
133,@CBSNews,Wed Mar 07 22:10:01 +0000 2018,0.0,0.0,1.0,0.0,14
134,@CBSNews,Wed Mar 07 21:50:01 +0000 2018,-0.4767,0.0,0.788,0.212,15
135,@CBSNews,Wed Mar 07 21:30:01 +0000 2018,0.0,0.0,1.0,0.0,16
136,@CBSNews,Wed Mar 07 21:10:01 +0000 2018,0.0,0.0,1.0,0.0,17
137,@CBSNews,Wed Mar 07 20:50:56 +0000 2018,0.128,0.134,0.711,0.155,18
138,@CBSNews,Wed Mar 07 20:30:32 +0000 2018,0.0,0.0,1.0,0.0,19
139,@CBSNews,Wed Mar 07 20:06:11 +0000 2018,0.0,0.0,1.0,0.0,20
140,@CNN,Wed Mar 07 23:49:33 +0000 2018,0.0,0.0,1.0,0.0,1
141,@CNN,Wed Mar 07 23:45:57 +0000 2018,0.7184,0.286,0.714,0.0,2
142,@CNN,Wed Mar 07 23:35:01 +0000 2018,-0.6983,0.0,0.746,0.254,3
143,@CNN,Wed Mar 07 23:32:23 +0000 2018,0.0,0.0,1.0,0.0,4
144,@CNN,Wed Mar 07 23:31:00 +0000 2018,0.0,0.0,1.0,0.0,5
145,@CNN,Wed Mar 07 23:27:58 +0000 2018,-0.25,0.068,0.818,0.114,6
146,@CNN,Wed Mar 07 23:23:33 +0000 2018,0.4215,0.135,0.865,0.0,7
147,@CNN,Wed Mar 07 23:16:04 +0000 2018,-0.8934,0.0,0.599,0.401,8
148,@CNN,Wed Mar 07 23:12:04 +0000 2018,0.0,0.0,1.0,0.0,9
149,@CNN,Wed Mar 07 23:06:12 +0000 2018,-0.2263,0.153,0.605,0.242,10
150,@CNN,Wed Mar 07 23:06:07 +0000 2018,0.0,0.0,1.0,0.0,11
151,@CNN,Wed Mar 07 23:03:03 +0000 2018,0.0,0.0,1.0,0.0,12
152,@CNN,Wed Mar 07 22:59:07 +0000 2018,-0.0762,0.0,0.925,0.075,13
153,@CNN,Wed Mar 07 22:52:05 +0000 2018,0.0,0.0,1.0,0.0,14
154,@CNN,Wed Mar 07 22:44:07 +0000 2018,0.0,0.0,1.0,0.0,15
155,@CNN,Wed Mar 07 22:37:47 +0000 2018,0.0,0.0,1.0,0.0,16
156,@CNN,Wed Mar 07 22:37:37 +0000 2018,-0.2263,0.056,0.855,0.089,17
157,@CNN,Wed Mar 07 22:34:06 +0000 2018,-0.5719,0.0,0.68,0.32,18
158,@CNN,Wed Mar 07 22:30:25 +0000 2018,-0.8074,0.0,0.733,0.267,19
159,@CNN,Wed Mar 07 22:27:25 +0000 2018,-0.4019,0.0,0.87,0.13,20
160,@FoxNews,Wed Mar 07 23:51:09 +0000 2018,-0.5859,0.0,0.696,0.304,1
161,@FoxNews,Wed Mar 07 23:43:13 +0000 2018,0.5994,0.353,0.647,0.0,2
162,@FoxNews,Wed Mar 07 23:32:48 +0000 2018,-0.2023,0.0,0.816,0.184,3
163,@FoxNews,Wed Mar 07 23:30:45 +0000 2018,0.0516,0.156,0.699,0.145,4
164,@FoxNews,Wed Mar 07 23:26:23 +0000 2018,0.0,0.0,1.0,0.0,5
165,@FoxNews,Wed Mar 07 23:22:11 +0000 2018,-0.2732,0.0,0.861,0.139,6
166,@FoxNews,Wed Mar 07 23:18:35 +0000 2018,-0.2263,0.0,0.888,0.112,7
167,@FoxNews,Wed Mar 07 23:07:04 +0000 2018,-0.7783,0.112,0.449,0.438,8
168,@FoxNews,Wed Mar 07 23:01:44 +0000 2018,0.0,0.0,1.0,0.0,9
169,@FoxNews,Wed Mar 07 22:58:00 +0000 2018,0.5574,0.223,0.777,0.0,10
170,@FoxNews,Wed Mar 07 22:57:23 +0000 2018,-0.5423,0.0,0.741,0.259,11
171,@FoxNews,Wed Mar 07 22:57:00 +0000 2018,0.0,0.0,1.0,0.0,12
172,@FoxNews,Wed Mar 07 22:45:10 +0000 2018,0.0,0.0,1.0,0.0,13
173,@FoxNews,Wed Mar 07 22:39:00 +0000 2018,0.8225,0.286,0.714,0.0,14
174,@FoxNews,Wed Mar 07 22:32:00 +0000 2018,-0.5106,0.0,0.823,0.177,15
175,@FoxNews,Wed Mar 07 22:30:00 +0000 2018,0.3832,0.178,0.822,0.0,16
176,@FoxNews,Wed Mar 07 22:24:34 +0000 2018,0.0,0.0,1.0,0.0,17
177,@FoxNews,Wed Mar 07 22:15:00 +0000 2018,0.0,0.0,1.0,0.0,18
178,@FoxNews,Wed Mar 07 22:10:53 +0000 2018,-0.8166,0.0,0.694,0.306,19
179,@FoxNews,Wed Mar 07 22:09:57 +0000 2018,0.5574,0.153,0.847,0.0,20
180,@nytimes,Wed Mar 07 23:51:02 +0000 2018,0.0,0.0,1.0,0.0,1
181,@nytimes,Wed Mar 07 23:46:20 +0000 2018,0.0,0.0,1.0,0.0,2
182,@nytimes,Wed Mar 07 23:32:02 +0000 2018,0.4019,0.124,0.876,0.0,3
183,@nytimes,Wed Mar 07 23:17:06 +0000 2018,0.0,0.0,1.0,0.0,4
184,@nytimes,Wed Mar 07 23:00:44 +0000 2018,-0.1531,0.123,0.727,0.15,5
185,@nytimes,Wed Mar 07 22:56:16 +0000 2018,-0.3612,0.0,0.898,0.102,6
186,@nytimes,Wed Mar 07 22:45:10 +0000 2018,0.0,0.0,1.0,0.0,7
187,@nytimes,Wed Mar 07 22:30:10 +0000 2018,0.0,0.0,1.0,0.0,8
188,@nytimes,Wed Mar 07 22:15:03 +0000 2018,0.0,0.0,1.0,0.0,9
189,@nytimes,Wed Mar 07 22:00:44 +0000 2018,0.2263,0.137,0.863,0.0,10
190,@nytimes,Wed Mar 07 21:52:04 +0000 2018,0.0,0.0,1.0,0.0,11
191,@nytimes,Wed Mar 07 21:45:07 +0000 2018,-0.296,0.0,0.909,0.091,12
192,@nytimes,Wed Mar 07 21:30:04 +0000 2018,0.5719,0.188,0.812,0.0,13
193,@nytimes,Wed Mar 07 21:22:32 +0000 2018,0.4939,0.158,0.842,0.0,14
194,@nytimes,Wed Mar 07 21:19:00 +0000 2018,0.0,0.0,1.0,0.0,15
195,@nytimes,Wed Mar 07 21:14:00 +0000 2018,0.7783,0.387,0.511,0.102,16
196,@nytimes,Wed Mar 07 21:10:00 +0000 2018,-0.7506,0.1,0.571,0.329,17
197,@nytimes,Wed Mar 07 21:05:08 +0000 2018,-0.4588,0.051,0.82,0.129,18
198,@nytimes,Wed Mar 07 21:00:25 +0000 2018,0.5574,0.141,0.859,0.0,19
199,@nytimes,Wed Mar 07 20:45:06 +0000 2018,-0.0258,0.17,0.654,0.176,20
200,@BBCNews,Wed Mar 07 22:36:52 +0000 2018,0.0,0.0,1.0,0.0,1
201,@BBCNews,Wed Mar 07 22:36:16 +0000 2018,0.0,0.0,1.0,0.0,2
202,@BBCNews,Wed Mar 07 22:35:39 +0000 2018,-0.4939,0.0,0.802,0.198,3
203,@BBCNews,Wed Mar 07 22:34:43 +0000 2018,-0.4939,0.0,0.824,0.176,4
204,@BBCNews,Wed Mar 07 22:16:54 +0000 2018,-0.5719,0.0,0.764,0.236,5
205,@BBCNews,Wed Mar 07 22:15:30 +0000 2018,-0.4939,0.0,0.802,0.198,6
206,@BBCNews,Wed Mar 07 22:15:07 +0000 2018,-0.4939,0.0,0.802,0.198,7
207,@BBCNews,Wed Mar 07 22:14:47 +0000 2018,-0.1027,0.115,0.747,0.138,8
208,@BBCNews,Wed Mar 07 22:14:22 +0000 2018,0.0,0.0,1.0,0.0,9
209,@BBCNews,Wed Mar 07 19:25:19 +0000 2018,-0.6369,0.0,0.656,0.344,10
210,@BBCNews,Wed Mar 07 19:20:27 +0000 2018,-0.34,0.195,0.519,0.286,11
211,@BBCNews,Wed Mar 07 18:09:26 +0000 2018,-0.4939,0.0,0.811,0.189,12
212,@BBCNews,Wed Mar 07 17:46:24 +0000 2018,-0.6908,0.0,0.749,0.251,13
213,@BBCNews,Wed Mar 07 17:38:13 +0000 2018,-0.6908,0.0,0.657,0.343,14
214,@BBCNews,Wed Mar 07 17:05:03 +0000 2018,0.128,0.23,0.576,0.194,15
215,@BBCNews,Wed Mar 07 16:54:42 +0000 2018,0.0,0.0,1.0,0.0,16
216,@BBCNews,Wed Mar 07 16:53:22 +0000 2018,-0.1531,0.148,0.656,0.197,17
217,@BBCNews,Wed Mar 07 16:43:33 +0000 2018,0.0,0.0,1.0,0.0,18
218,@BBCNews,Wed Mar 07 16:42:13 +0000 2018,-0.8176,0.0,0.691,0.309,19
219,@BBCNews,Wed Mar 07 16:26:59 +0000 2018,-0.8625,0.0,0.625,0.375,20
220,@BBCNews,Wed Mar 07 22:36:52 +0000 2018,0.0,0.0,1.0,0.0,21
221,@BBCNews,Wed Mar 07 22:36:16 +0000 2018,0.0,0.0,1.0,0.0,22
222,@BBCNews,Wed Mar 07 22:35:39 +0000 2018,-0.4939,0.0,0.802,0.198,23
223,@BBCNews,Wed Mar 07 22:34:43 +0000 2018,-0.4939,0.0,0.824,0.176,24
224,@BBCNews,Wed Mar 07 22:16:54 +0000 2018,-0.5719,0.0,0.764,0.236,25
225,@BBCNews,Wed Mar 07 22:15:30 +0000 2018,-0.4939,0.0,0.802,0.198,26
226,@BBCNews,Wed Mar 07 22:15:07 +0000 2018,-0.4939,0.0,0.802,0.198,27
227,@BBCNews,Wed Mar 07 22:14:47 +0000 2018,-0.1027,0.115,0.747,0.138,28
228,@BBCNews,Wed Mar 07 22:14:22 +0000 2018,0.0,0.0,1.0,0.0,29
229,@BBCNews,Wed Mar 07 19:25:19 +0000 2018,-0.6369,0.0,0.656,0.344,30
230,@BBCNews,Wed Mar 07 19:20:27 +0000 2018,-0.34,0.195,0.519,0.286,31
231,@BBCNews,Wed Mar 07 18:09:26 +0000 2018,-0.4939,0.0,0.811,0.189,32
232,@BBCNews,Wed Mar 07 17:46:24 +0000 2018,-0.6908,0.0,0.749,0.251,33
233,@BBCNews,Wed Mar 07 17:38:13 +0000 2018,-0.6908,0.0,0.657,0.343,34
234,@BBCNews,Wed Mar 07 17:05:03 +0000 2018,0.128,0.23,0.576,0.194,35
235,@BBCNews,Wed Mar 07 16:54:42 +0000 2018,0.0,0.0,1.0,0.0,36
236,@BBCNews,Wed Mar 07 16:53:22 +0000 2018,-0.1531,0.148,0.656,0.197,37
237,@BBCNews,Wed Mar 07 16:43:33 +0000 2018,0.0,0.0,1.0,0.0,38
238,@BBCNews,Wed Mar 07 16:42:13 +0000 2018,-0.8176,0.0,0.691,0.309,39
239,@BBCNews,Wed Mar 07 16:26:59 +0000 2018,-0.8625,0.0,0.625,0.375,40
240,@BBCNews,Wed Mar 07 15:34:32 +0000 2018,-0.7351,0.093,0.467,0.44,41
241,@BBCNews,Wed Mar 07 15:32:46 +0000 2018,0.68,0.374,0.476,0.15,42
242,@BBCNews,Wed Mar 07 15:23:44 +0000 2018,0.4215,0.141,0.859,0.0,43
243,@BBCNews,Wed Mar 07 15:04:32 +0000 2018,-0.7579,0.0,0.581,0.419,44
244,@BBCNews,Wed Mar 07 14:48:12 +0000 2018,0.0,0.0,1.0,0.0,45
245,@BBCNews,Wed Mar 07 14:40:59 +0000 2018,-0.5106,0.0,0.784,0.216,46
246,@BBCNews,Wed Mar 07 14:29:37 +0000 2018,0.0,0.0,1.0,0.0,47
247,@BBCNews,Wed Mar 07 14:15:10 +0000 2018,-0.34,0.0,0.866,0.134,48
248,@BBCNews,Wed Mar 07 14:00:58 +0000 2018,0.1531,0.151,0.849,0.0,49
249,@BBCNews,Wed Mar 07 13:56:11 +0000 2018,-0.0516,0.0,0.854,0.146,50
250,@BBCNews,Wed Mar 07 13:42:28 +0000 2018,-0.296,0.0,0.804,0.196,51
251,@BBCNews,Wed Mar 07 13:28:11 +0000 2018,-0.5904,0.0,0.701,0.299,52
252,@BBCNews,Wed Mar 07 13:03:48 +0000 2018,0.8519,0.383,0.617,0.0,53
253,@BBCNews,Wed Mar 07 12:44:34 +0000 2018,-0.8442,0.097,0.502,0.401,54
254,@BBCNews,Wed Mar 07 12:43:18 +0000 2018,-0.296,0.0,0.732,0.268,55
255,@BBCNews,Wed Mar 07 12:39:59 +0000 2018,0.0,0.0,1.0,0.0,56
256,@BBCNews,Wed Mar 07 12:28:17 +0000 2018,-0.6249,0.0,0.814,0.186,57
257,@BBCNews,Wed Mar 07 12:25:05 +0000 2018,0.0,0.0,1.0,0.0,58
258,@BBCNews,Wed Mar 07 12:20:08 +0000 2018,-0.128,0.0,0.933,0.067,59
259,@BBCNews,Wed Mar 07 12:16:14 +0000 2018,-0.4939,0.0,0.775,0.225,60
260,@BBCNews,Wed Mar 07 12:11:56 +0000 2018,-0.4939,0.0,0.714,0.286,61
261,@BBCNews,Wed Mar 07 12:11:31 +0000 2018,0.2023,0.073,0.927,0.0,62
262,@BBCNews,Wed Mar 07 12:02:19 +0000 2018,-0.6908,0.0,0.769,0.231,63
263,@BBCNews,Wed Mar 07 11:49:48 +0000 2018,0.0516,0.13,0.87,0.0,64
264,@BBCNews,Wed Mar 07 11:46:35 +0000 2018,0.0,0.0,1.0,0.0,65
265,@BBCNews,Wed Mar 07 11:29:30 +0000 2018,0.0,0.0,1.0,0.0,66
266,@BBCNews,Wed Mar 07 11:24:16 +0000 2018,0.0,0.0,1.0,0.0,67
267,@BBCNews,Wed Mar 07 11:20:43 +0000 2018,-0.296,0.0,0.885,0.115,68
268,@BBCNews,Wed Mar 07 11:20:25 +0000 2018,-0.7845,0.0,0.537,0.463,69
269,@BBCNews,Wed Mar 07 11:20:19 +0000 2018,-0.1027,0.0,0.935,0.065,70
270,@BBCNews,Wed Mar 07 11:18:15 +0000 2018,0.2714,0.163,0.724,0.113,71
271,@BBCNews,Wed Mar 07 10:44:20 +0000 2018,-0.4019,0.0,0.881,0.119,72
272,@BBCNews,Wed Mar 07 10:42:51 +0000 2018,0.0,0.0,1.0,0.0,73
273,@BBCNews,Wed Mar 07 10:42:48 +0000 2018,-0.1531,0.0,0.932,0.068,74
274,@BBCNews,Wed Mar 07 10:19:24 +0000 2018,0.0,0.197,0.606,0.197,75
275,@BBCNews,Wed Mar 07 10:02:05 +0000 2018,0.34,0.211,0.789,0.0,76
276,@BBCNews,Wed Mar 07 09:47:48 +0000 2018,0.0,0.0,1.0,0.0,77
277,@BBCNews,Wed Mar 07 09:40:43 +0000 2018,-0.5574,0.092,0.634,0.275,78
278,@BBCNews,Wed Mar 07 08:40:46 +0000 2018,0.0,0.0,1.0,0.0,79
279,@BBCNews,Wed Mar 07 08:38:33 +0000 2018,0.0,0.0,1.0,0.0,80
280,@BBCNews,Wed Mar 07 08:26:08 +0000 2018,0.0,0.0,1.0,0.0,81
281,@BBCNews,Wed Mar 07 08:25:56 +0000 2018,0.0,0.0,1.0,0.0,82
282,@BBCNews,Wed Mar 07 08:11:30 +0000 2018,0.3612,0.135,0.865,0.0,83
283,@BBCNews,Wed Mar 07 07:56:49 +0000 2018,-0.2263,0.0,0.913,0.087,84
284,@BBCNews,Wed Mar 07 07:34:15 +0000 2018,0.0,0.0,1.0,0.0,85
285,@BBCNews,Wed Mar 07 07:33:46 +0000 2018,0.0258,0.073,0.927,0.0,86
286,@BBCNews,Wed Mar 07 05:07:59 +0000 2018,0.0,0.0,1.0,0.0,87
287,@BBCNews,Wed Mar 07 03:56:03 +0000 2018,0.0,0.0,1.0,0.0,88
288,@BBCNews,Wed Mar 07 02:07:56 +0000 2018,-0.1531,0.0,0.789,0.211,89
289,@BBCNews,Wed Mar 07 02:07:56 +0000 2018,-0.3818,0.0,0.755,0.245,90
290,@BBCNews,Wed Mar 07 02:02:47 +0000 2018,0.0,0.0,1.0,0.0,91
291,@BBCNews,Wed Mar 07 01:49:21 +0000 2018,0.0,0.0,1.0,0.0,92
292,@BBCNews,Wed Mar 07 01:19:09 +0000 2018,0.0,0.0,1.0,0.0,93
293,@BBCNews,Wed Mar 07 01:13:57 +0000 2018,0.6249,0.459,0.541,0.0,94
294,@BBCNews,Tue Mar 06 22:58:05 +0000 2018,-0.5574,0.0,0.714,0.286,95
295,@BBCNews,Tue Mar 06 22:54:58 +0000 2018,-0.4215,0.0,0.811,0.189,96
296,@BBCNews,Tue Mar 06 22:46:46 +0000 2018,0.0,0.0,1.0,0.0,97
297,@BBCNews,Tue Mar 06 22:46:42 +0000 2018,-0.5267,0.0,0.779,0.221,98
298,@BBCNews,Tue Mar 06 22:46:38 +0000 2018,-0.765,0.0,0.625,0.375,99
299,@BBCNews,Tue Mar 06 22:46:31 +0000 2018,-0.6908,0.0,0.678,0.322,100
300,@CBSNews,Wed Mar 07 23:51:02 +0000 2018,0.0,0.0,1.0,0.0,1
301,@CBSNews,Wed Mar 07 23:44:52 +0000 2018,-0.7269,0.0,0.705,0.295,2
302,@CBSNews,Wed Mar 07 23:43:35 +0000 2018,0.0,0.0,1.0,0.0,3
303,@CBSNews,Wed Mar 07 23:40:59 +0000 2018,0.2732,0.104,0.896,0.0,4
304,@CBSNews,Wed Mar 07 23:38:14 +0000 2018,-0.4588,0.068,0.727,0.205,5
305,@CBSNews,Wed Mar 07 23:36:45 +0000 2018,0.0,0.0,1.0,0.0,6
306,@CBSNews,Wed Mar 07 23:34:48 +0000 2018,-0.3818,0.0,0.88,0.12,7
307,@CBSNews,Wed Mar 07 23:33:00 +0000 2018,-0.4767,0.0,0.866,0.134,8
308,@CBSNews,Wed Mar 07 23:30:01 +0000 2018,0.0,0.0,1.0,0.0,9
309,@CBSNews,Wed Mar 07 23:10:03 +0000 2018,-0.3612,0.0,0.884,0.116,10
310,@CBSNews,Wed Mar 07 23:06:30 +0000 2018,0.4215,0.157,0.843,0.0,11
311,@CBSNews,Wed Mar 07 22:50:01 +0000 2018,0.5267,0.183,0.739,0.078,12
312,@CBSNews,Wed Mar 07 22:30:02 +0000 2018,0.3551,0.101,0.899,0.0,13
313,@CBSNews,Wed Mar 07 22:10:01 +0000 2018,0.0,0.0,1.0,0.0,14
314,@CBSNews,Wed Mar 07 21:50:01 +0000 2018,-0.4767,0.0,0.788,0.212,15
315,@CBSNews,Wed Mar 07 21:30:01 +0000 2018,0.0,0.0,1.0,0.0,16
316,@CBSNews,Wed Mar 07 21:10:01 +0000 2018,0.0,0.0,1.0,0.0,17
317,@CBSNews,Wed Mar 07 20:50:56 +0000 2018,0.128,0.134,0.711,0.155,18
318,@CBSNews,Wed Mar 07 20:30:32 +0000 2018,0.0,0.0,1.0,0.0,19
319,@CBSNews,Wed Mar 07 20:06:11 +0000 2018,0.0,0.0,1.0,0.0,20
320,@CBSNews,Wed Mar 07 23:51:02 +0000 2018,0.0,0.0,1.0,0.0,21
321,@CBSNews,Wed Mar 07 23:44:52 +0000 2018,-0.7269,0.0,0.705,0.295,22
322,@CBSNews,Wed Mar 07 23:43:35 +0000 2018,0.0,0.0,1.0,0.0,23
323,@CBSNews,Wed Mar 07 23:40:59 +0000 2018,0.2732,0.104,0.896,0.0,24
324,@CBSNews,Wed Mar 07 23:38:14 +0000 2018,-0.4588,0.068,0.727,0.205,25
325,@CBSNews,Wed Mar 07 23:36:45 +0000 2018,0.0,0.0,1.0,0.0,26
326,@CBSNews,Wed Mar 07 23:34:48 +0000 2018,-0.3818,0.0,0.88,0.12,27
327,@CBSNews,Wed Mar 07 23:33:00 +0000 2018,-0.4767,0.0,0.866,0.134,28
328,@CBSNews,Wed Mar 07 23:30:01 +0000 2018,0.0,0.0,1.0,0.0,29
329,@CBSNews,Wed Mar 07 23:10:03 +0000 2018,-0.3612,0.0,0.884,0.116,30
330,@CBSNews,Wed Mar 07 23:06:30 +0000 2018,0.4215,0.157,0.843,0.0,31
331,@CBSNews,Wed Mar 07 22:50:01 +0000 2018,0.5267,0.183,0.739,0.078,32
332,@CBSNews,Wed Mar 07 22:30:02 +0000 2018,0.3551,0.101,0.899,0.0,33
333,@CBSNews,Wed Mar 07 22:10:01 +0000 2018,0.0,0.0,1.0,0.0,34
334,@CBSNews,Wed Mar 07 21:50:01 +0000 2018,-0.4767,0.0,0.788,0.212,35
335,@CBSNews,Wed Mar 07 21:30:01 +0000 2018,0.0,0.0,1.0,0.0,36
336,@CBSNews,Wed Mar 07 21:10:01 +0000 2018,0.0,0.0,1.0,0.0,37
337,@CBSNews,Wed Mar 07 20:50:56 +0000 2018,0.128,0.134,0.711,0.155,38
338,@CBSNews,Wed Mar 07 20:30:32 +0000 2018,0.0,0.0,1.0,0.0,39
339,@CBSNews,Wed Mar 07 20:06:11 +0000 2018,0.0,0.0,1.0,0.0,40
340,@CBSNews,Wed Mar 07 20:03:14 +0000 2018,0.5719,0.171,0.829,0.0,41
341,@CBSNews,Wed Mar 07 19:52:22 +0000 2018,0.0,0.0,1.0,0.0,42
342,@CBSNews,Wed Mar 07 19:50:17 +0000 2018,-0.1027,0.09,0.8,0.11,43
343,@CBSNews,Wed Mar 07 19:29:01 +0000 2018,0.5859,0.202,0.798,0.0,44
344,@CBSNews,Wed Mar 07 18:59:31 +0000 2018,0.2023,0.135,0.766,0.099,45
345,@CBSNews,Wed Mar 07 18:55:01 +0000 2018,-0.5574,0.0,0.816,0.184,46
346,@CBSNews,Wed Mar 07 18:20:01 +0000 2018,-0.743,0.0,0.741,0.259,47
347,@CBSNews,Wed Mar 07 18:12:04 +0000 2018,0.3182,0.127,0.797,0.076,48
348,@CBSNews,Wed Mar 07 18:05:38 +0000 2018,0.0,0.0,1.0,0.0,49
349,@CBSNews,Wed Mar 07 18:01:16 +0000 2018,-0.2263,0.0,0.909,0.091,50
350,@CBSNews,Wed Mar 07 17:56:03 +0000 2018,0.0,0.0,1.0,0.0,51
351,@CBSNews,Wed Mar 07 17:52:34 +0000 2018,0.4215,0.135,0.865,0.0,52
352,@CBSNews,Wed Mar 07 17:47:05 +0000 2018,0.4767,0.134,0.866,0.0,53
353,@CBSNews,Wed Mar 07 17:44:23 +0000 2018,-0.2263,0.0,0.863,0.137,54
354,@CBSNews,Wed Mar 07 17:40:58 +0000 2018,0.0,0.0,1.0,0.0,55
355,@CBSNews,Wed Mar 07 17:38:15 +0000 2018,-0.6908,0.0,0.773,0.227,56
356,@CBSNews,Wed Mar 07 17:32:01 +0000 2018,0.0,0.0,1.0,0.0,57
357,@CBSNews,Wed Mar 07 17:28:31 +0000 2018,0.0,0.0,1.0,0.0,58
358,@CBSNews,Wed Mar 07 17:25:12 +0000 2018,0.0,0.0,1.0,0.0,59
359,@CBSNews,Wed Mar 07 17:22:40 +0000 2018,0.25,0.087,0.913,0.0,60
360,@CBSNews,Wed Mar 07 17:07:46 +0000 2018,0.0,0.0,1.0,0.0,61
361,@CBSNews,Wed Mar 07 16:55:02 +0000 2018,-0.25,0.0,0.9,0.1,62
362,@CBSNews,Wed Mar 07 16:37:50 +0000 2018,0.0,0.0,1.0,0.0,63
363,@CBSNews,Wed Mar 07 16:32:42 +0000 2018,-0.6096,0.122,0.589,0.289,64
364,@CBSNews,Wed Mar 07 16:30:01 +0000 2018,-0.6705,0.0,0.78,0.22,65
365,@CBSNews,Wed Mar 07 16:22:55 +0000 2018,-0.2263,0.0,0.894,0.106,66
366,@CBSNews,Wed Mar 07 16:15:01 +0000 2018,0.0,0.0,1.0,0.0,67
367,@CBSNews,Wed Mar 07 16:00:02 +0000 2018,0.0,0.0,1.0,0.0,68
368,@CBSNews,Wed Mar 07 15:45:25 +0000 2018,0.0,0.0,1.0,0.0,69
369,@CBSNews,Wed Mar 07 15:34:52 +0000 2018,0.4215,0.226,0.774,0.0,70
370,@CBSNews,Wed Mar 07 15:22:33 +0000 2018,0.0,0.0,1.0,0.0,71
371,@CBSNews,Wed Mar 07 15:05:27 +0000 2018,0.0,0.0,1.0,0.0,72
372,@CBSNews,Wed Mar 07 14:47:02 +0000 2018,0.1779,0.126,0.779,0.095,73
373,@CBSNews,Wed Mar 07 14:38:39 +0000 2018,0.0,0.0,1.0,0.0,74
374,@CBSNews,Wed Mar 07 14:30:46 +0000 2018,-0.3612,0.0,0.811,0.189,75
375,@CBSNews,Wed Mar 07 14:15:01 +0000 2018,-0.4404,0.0,0.847,0.153,76
376,@CBSNews,Wed Mar 07 14:00:04 +0000 2018,-0.5267,0.0,0.825,0.175,77
377,@CBSNews,Wed Mar 07 13:44:46 +0000 2018,0.3612,0.116,0.884,0.0,78
378,@CBSNews,Wed Mar 07 13:41:43 +0000 2018,-0.5106,0.0,0.837,0.163,79
379,@CBSNews,Wed Mar 07 13:40:01 +0000 2018,-0.6369,0.0,0.772,0.228,80
380,@CBSNews,Wed Mar 07 13:37:41 +0000 2018,0.6486,0.238,0.762,0.0,81
381,@CBSNews,Wed Mar 07 13:33:34 +0000 2018,0.0,0.0,1.0,0.0,82
382,@CBSNews,Wed Mar 07 13:31:46 +0000 2018,0.296,0.121,0.879,0.0,83
383,@CBSNews,Wed Mar 07 13:24:39 +0000 2018,0.0,0.0,1.0,0.0,84
384,@CBSNews,Wed Mar 07 13:20:01 +0000 2018,-0.4019,0.0,0.87,0.13,85
385,@CBSNews,Wed Mar 07 13:18:38 +0000 2018,-0.4588,0.0,0.857,0.143,86
386,@CBSNews,Wed Mar 07 13:12:28 +0000 2018,-0.5423,0.078,0.731,0.192,87
387,@CBSNews,Wed Mar 07 13:09:14 +0000 2018,-0.8074,0.0,0.672,0.328,88
388,@CBSNews,Wed Mar 07 13:05:47 +0000 2018,0.0,0.0,1.0,0.0,89
389,@CBSNews,Wed Mar 07 13:04:58 +0000 2018,-0.296,0.0,0.909,0.091,90
390,@CBSNews,Wed Mar 07 13:00:24 +0000 2018,-0.296,0.0,0.849,0.151,91
391,@CBSNews,Wed Mar 07 12:53:52 +0000 2018,-0.6318,0.0,0.795,0.205,92
392,@CBSNews,Wed Mar 07 12:53:38 +0000 2018,0.0,0.0,1.0,0.0,93
393,@CBSNews,Wed Mar 07 12:48:44 +0000 2018,0.4019,0.13,0.87,0.0,94
394,@CBSNews,Wed Mar 07 12:44:17 +0000 2018,-0.6369,0.0,0.763,0.237,95
395,@CBSNews,Wed Mar 07 12:40:14 +0000 2018,0.0,0.0,1.0,0.0,96
396,@CBSNews,Wed Mar 07 12:40:01 +0000 2018,0.34,0.13,0.87,0.0,97
397,@CBSNews,Wed Mar 07 12:35:26 +0000 2018,0.5106,0.136,0.864,0.0,98
398,@CBSNews,Wed Mar 07 12:32:35 +0000 2018,-0.2263,0.116,0.73,0.155,99
399,@CBSNews,Wed Mar 07 12:24:58 +0000 2018,0.0,0.0,1.0,0.0,100
400,@CNN,Wed Mar 07 23:49:33 +0000 2018,0.0,0.0,1.0,0.0,1
401,@CNN,Wed Mar 07 23:45:57 +0000 2018,0.7184,0.286,0.714,0.0,2
402,@CNN,Wed Mar 07 23:35:01 +0000 2018,-0.6983,0.0,0.746,0.254,3
403,@CNN,Wed Mar 07 23:32:23 +0000 2018,0.0,0.0,1.0,0.0,4
404,@CNN,Wed Mar 07 23:31:00 +0000 2018,0.0,0.0,1.0,0.0,5
405,@CNN,Wed Mar 07 23:27:58 +0000 2018,-0.25,0.068,0.818,0.114,6
406,@CNN,Wed Mar 07 23:23:33 +0000 2018,0.4215,0.135,0.865,0.0,7
407,@CNN,Wed Mar 07 23:16:04 +0000 2018,-0.8934,0.0,0.599,0.401,8
408,@CNN,Wed Mar 07 23:12:04 +0000 2018,0.0,0.0,1.0,0.0,9
409,@CNN,Wed Mar 07 23:06:12 +0000 2018,-0.2263,0.153,0.605,0.242,10
410,@CNN,Wed Mar 07 23:06:07 +0000 2018,0.0,0.0,1.0,0.0,11
411,@CNN,Wed Mar 07 23:03:03 +0000 2018,0.0,0.0,1.0,0.0,12
412,@CNN,Wed Mar 07 22:59:07 +0000 2018,-0.0762,0.0,0.925,0.075,13
413,@CNN,Wed Mar 07 22:52:05 +0000 2018,0.0,0.0,1.0,0.0,14
414,@CNN,Wed Mar 07 22:44:07 +0000 2018,0.0,0.0,1.0,0.0,15
415,@CNN,Wed Mar 07 22:37:47 +0000 2018,0.0,0.0,1.0,0.0,16
416,@CNN,Wed Mar 07 22:37:37 +0000 2018,-0.2263,0.056,0.855,0.089,17
417,@CNN,Wed Mar 07 22:34:06 +0000 2018,-0.5719,0.0,0.68,0.32,18
418,@CNN,Wed Mar 07 22:30:25 +0000 2018,-0.8074,0.0,0.733,0.267,19
419,@CNN,Wed Mar 07 22:27:25 +0000 2018,-0.4019,0.0,0.87,0.13,20
420,@CNN,Wed Mar 07 23:49:33 +0000 2018,0.0,0.0,1.0,0.0,21
421,@CNN,Wed Mar 07 23:45:57 +0000 2018,0.7184,0.286,0.714,0.0,22
422,@CNN,Wed Mar 07 23:35:01 +0000 2018,-0.6983,0.0,0.746,0.254,23
423,@CNN,Wed Mar 07 23:32:23 +0000 2018,0.0,0.0,1.0,0.0,24
424,@CNN,Wed Mar 07 23:31:00 +0000 2018,0.0,0.0,1.0,0.0,25
425,@CNN,Wed Mar 07 23:27:58 +0000 2018,-0.25,0.068,0.818,0.114,26
426,@CNN,Wed Mar 07 23:23:33 +0000 2018,0.4215,0.135,0.865,0.0,27
427,@CNN,Wed Mar 07 23:16:04 +0000 2018,-0.8934,0.0,0.599,0.401,28
428,@CNN,Wed Mar 07 23:12:04 +0000 2018,0.0,0.0,1.0,0.0,29
429,@CNN,Wed Mar 07 23:06:12 +0000 2018,-0.2263,0.153,0.605,0.242,30
430,@CNN,Wed Mar 07 23:06:07 +0000 2018,0.0,0.0,1.0,0.0,31
431,@CNN,Wed Mar 07 23:03:03 +0000 2018,0.0,0.0,1.0,0.0,32
432,@CNN,Wed Mar 07 22:59:07 +0000 2018,-0.0762,0.0,0.925,0.075,33
433,@CNN,Wed Mar 07 22:52:05 +0000 2018,0.0,0.0,1.0,0.0,34
434,@CNN,Wed Mar 07 22:44:07 +0000 2018,0.0,0.0,1.0,0.0,35
435,@CNN,Wed Mar 07 22:37:47 +0000 2018,0.0,0.0,1.0,0.0,36
436,@CNN,Wed Mar 07 22:37:37 +0000 2018,-0.2263,0.056,0.855,0.089,37
437,@CNN,Wed Mar 07 22:34:06 +0000 2018,-0.5719,0.0,0.68,0.32,38
438,@CNN,Wed Mar 07 22:30:25 +0000 2018,-0.8074,0.0,0.733,0.267,39
439,@CNN,Wed Mar 07 22:27:25 +0000 2018,-0.4019,0.0,0.87,0.13,40
440,@CNN,Wed Mar 07 22:24:30 +0000 2018,0.3716,0.108,0.892,0.0,41
441,@CNN,Wed Mar 07 22:16:52 +0000 2018,0.4767,0.181,0.819,0.0,42
442,@CNN,Wed Mar 07 22:10:51 +0000 2018,0.3716,0.108,0.892,0.0,43
443,@CNN,Wed Mar 07 22:09:32 +0000 2018,0.0,0.0,1.0,0.0,44
444,@CNN,Wed Mar 07 22:08:08 +0000 2018,0.4404,0.146,0.854,0.0,45
445,@CNN,Wed Mar 07 22:05:46 +0000 2018,-0.6124,0.0,0.821,0.179,46
446,@CNN,Wed Mar 07 22:01:20 +0000 2018,0.4019,0.13,0.87,0.0,47
447,@CNN,Wed Mar 07 22:00:47 +0000 2018,-0.3182,0.0,0.859,0.141,48
448,@CNN,Wed Mar 07 21:44:33 +0000 2018,0.0,0.0,1.0,0.0,49
449,@CNN,Wed Mar 07 21:41:08 +0000 2018,0.0772,0.064,0.936,0.0,50
450,@CNN,Wed Mar 07 21:31:11 +0000 2018,-0.0572,0.0,0.947,0.053,51
451,@CNN,Wed Mar 07 21:28:53 +0000 2018,-0.6908,0.0,0.802,0.198,52
452,@CNN,Wed Mar 07 21:24:51 +0000 2018,-0.1027,0.0,0.943,0.057,53
453,@CNN,Wed Mar 07 21:21:04 +0000 2018,0.101,0.131,0.758,0.111,54
454,@CNN,Wed Mar 07 21:11:03 +0000 2018,0.5719,0.222,0.778,0.0,55
455,@CNN,Wed Mar 07 21:01:07 +0000 2018,-0.4215,0.0,0.833,0.167,56
456,@CNN,Wed Mar 07 20:51:07 +0000 2018,0.0,0.0,1.0,0.0,57
457,@CNN,Wed Mar 07 20:41:20 +0000 2018,0.0,0.0,1.0,0.0,58
458,@CNN,Wed Mar 07 20:29:18 +0000 2018,0.0,0.0,1.0,0.0,59
459,@CNN,Wed Mar 07 20:17:08 +0000 2018,0.1779,0.072,0.928,0.0,60
460,@CNN,Wed Mar 07 20:10:39 +0000 2018,0.0,0.0,1.0,0.0,61
461,@CNN,Wed Mar 07 20:07:34 +0000 2018,0.8176,0.309,0.691,0.0,62
462,@CNN,Wed Mar 07 20:02:07 +0000 2018,-0.1655,0.083,0.808,0.109,63
463,@CNN,Wed Mar 07 19:59:31 +0000 2018,0.0,0.0,1.0,0.0,64
464,@CNN,Wed Mar 07 19:58:37 +0000 2018,0.0,0.0,1.0,0.0,65
465,@CNN,Wed Mar 07 19:56:03 +0000 2018,0.0,0.0,1.0,0.0,66
466,@CNN,Wed Mar 07 19:50:04 +0000 2018,0.8225,0.323,0.677,0.0,67
467,@CNN,Wed Mar 07 19:47:41 +0000 2018,0.0,0.0,1.0,0.0,68
468,@CNN,Wed Mar 07 19:40:08 +0000 2018,0.0,0.0,1.0,0.0,69
469,@CNN,Wed Mar 07 19:30:30 +0000 2018,0.0,0.0,1.0,0.0,70
470,@CNN,Wed Mar 07 19:20:17 +0000 2018,-0.6249,0.0,0.702,0.298,71
471,@CNN,Wed Mar 07 19:10:53 +0000 2018,-0.2732,0.0,0.884,0.116,72
472,@CNN,Wed Mar 07 19:00:23 +0000 2018,0.0,0.0,1.0,0.0,73
473,@CNN,Wed Mar 07 18:52:26 +0000 2018,-0.0191,0.063,0.871,0.066,74
474,@CNN,Wed Mar 07 18:50:08 +0000 2018,0.0,0.0,1.0,0.0,75
475,@CNN,Wed Mar 07 18:40:14 +0000 2018,0.1779,0.096,0.904,0.0,76
476,@CNN,Wed Mar 07 18:30:04 +0000 2018,0.2187,0.13,0.774,0.095,77
477,@CNN,Wed Mar 07 18:20:41 +0000 2018,-0.25,0.068,0.818,0.114,78
478,@CNN,Wed Mar 07 18:10:08 +0000 2018,-0.2263,0.0,0.888,0.112,79
479,@CNN,Wed Mar 07 18:00:05 +0000 2018,0.296,0.145,0.855,0.0,80
480,@CNN,Wed Mar 07 17:48:53 +0000 2018,-0.4939,0.0,0.849,0.151,81
481,@CNN,Wed Mar 07 17:42:14 +0000 2018,0.2263,0.164,0.718,0.118,82
482,@CNN,Wed Mar 07 17:34:33 +0000 2018,0.5994,0.262,0.738,0.0,83
483,@CNN,Wed Mar 07 17:21:06 +0000 2018,0.0,0.0,1.0,0.0,84
484,@CNN,Wed Mar 07 17:15:14 +0000 2018,-0.7003,0.0,0.721,0.279,85
485,@CNN,Wed Mar 07 17:07:32 +0000 2018,0.0772,0.061,0.939,0.0,86
486,@CNN,Wed Mar 07 17:00:02 +0000 2018,0.0,0.0,1.0,0.0,87
487,@CNN,Wed Mar 07 16:52:18 +0000 2018,-0.4588,0.0,0.85,0.15,88
488,@CNN,Wed Mar 07 16:50:39 +0000 2018,0.7269,0.276,0.724,0.0,89
489,@CNN,Wed Mar 07 16:40:06 +0000 2018,0.6369,0.245,0.755,0.0,90
490,@CNN,Wed Mar 07 16:32:47 +0000 2018,-0.5267,0.096,0.708,0.196,91
491,@CNN,Wed Mar 07 16:30:00 +0000 2018,0.9274,0.457,0.543,0.0,92
492,@CNN,Wed Mar 07 16:20:13 +0000 2018,0.0,0.0,1.0,0.0,93
493,@CNN,Wed Mar 07 16:10:07 +0000 2018,-0.3818,0.0,0.841,0.159,94
494,@CNN,Wed Mar 07 16:10:07 +0000 2018,0.0,0.0,1.0,0.0,95
495,@CNN,Wed Mar 07 16:01:44 +0000 2018,0.0,0.0,1.0,0.0,96
496,@CNN,Wed Mar 07 15:51:29 +0000 2018,0.2023,0.091,0.909,0.0,97
497,@CNN,Wed Mar 07 15:41:14 +0000 2018,-0.3818,0.0,0.806,0.194,98
498,@CNN,Wed Mar 07 15:41:10 +0000 2018,0.0,0.0,1.0,0.0,99
499,@CNN,Wed Mar 07 15:30:19 +0000 2018,-0.8934,0.0,0.599,0.401,100
500,@FoxNews,Wed Mar 07 23:51:09 +0000 2018,-0.5859,0.0,0.696,0.304,1
501,@FoxNews,Wed Mar 07 23:43:13 +0000 2018,0.5994,0.353,0.647,0.0,2
502,@FoxNews,Wed Mar 07 23:32:48 +0000 2018,-0.2023,0.0,0.816,0.184,3
503,@FoxNews,Wed Mar 07 23:30:45 +0000 2018,0.0516,0.156,0.699,0.145,4
504,@FoxNews,Wed Mar 07 23:26:23 +0000 2018,0.0,0.0,1.0,0.0,5
505,@FoxNews,Wed Mar 07 23:22:11 +0000 2018,-0.2732,0.0,0.861,0.139,6
506,@FoxNews,Wed Mar 07 23:18:35 +0000 2018,-0.2263,0.0,0.888,0.112,7
507,@FoxNews,Wed Mar 07 23:07:04 +0000 2018,-0.7783,0.112,0.449,0.438,8
508,@FoxNews,Wed Mar 07 23:01:44 +0000 2018,0.0,0.0,1.0,0.0,9
509,@FoxNews,Wed Mar 07 22:58:00 +0000 2018,0.5574,0.223,0.777,0.0,10
510,@FoxNews,Wed Mar 07 22:57:23 +0000 2018,-0.5423,0.0,0.741,0.259,11
511,@FoxNews,Wed Mar 07 22:57:00 +0000 2018,0.0,0.0,1.0,0.0,12
512,@FoxNews,Wed Mar 07 22:45:10 +0000 2018,0.0,0.0,1.0,0.0,13
513,@FoxNews,Wed Mar 07 22:39:00 +0000 2018,0.8225,0.286,0.714,0.0,14
514,@FoxNews,Wed Mar 07 22:32:00 +0000 2018,-0.5106,0.0,0.823,0.177,15
515,@FoxNews,Wed Mar 07 22:30:00 +0000 2018,0.3832,0.178,0.822,0.0,16
516,@FoxNews,Wed Mar 07 22:24:34 +0000 2018,0.0,0.0,1.0,0.0,17
517,@FoxNews,Wed Mar 07 22:15:00 +0000 2018,0.0,0.0,1.0,0.0,18
518,@FoxNews,Wed Mar 07 22:10:53 +0000 2018,-0.8166,0.0,0.694,0.306,19
519,@FoxNews,Wed Mar 07 22:09:57 +0000 2018,0.5574,0.153,0.847,0.0,20
520,@FoxNews,Wed Mar 07 23:51:09 +0000 2018,-0.5859,0.0,0.696,0.304,21
521,@FoxNews,Wed Mar 07 23:43:13 +0000 2018,0.5994,0.353,0.647,0.0,22
522,@FoxNews,Wed Mar 07 23:32:48 +0000 2018,-0.2023,0.0,0.816,0.184,23
523,@FoxNews,Wed Mar 07 23:30:45 +0000 2018,0.0516,0.156,0.699,0.145,24
524,@FoxNews,Wed Mar 07 23:26:23 +0000 2018,0.0,0.0,1.0,0.0,25
525,@FoxNews,Wed Mar 07 23:22:11 +0000 2018,-0.2732,0.0,0.861,0.139,26
526,@FoxNews,Wed Mar 07 23:18:35 +0000 2018,-0.2263,0.0,0.888,0.112,27
527,@FoxNews,Wed Mar 07 23:07:04 +0000 2018,-0.7783,0.112,0.449,0.438,28
528,@FoxNews,Wed Mar 07 23:01:44 +0000 2018,0.0,0.0,1.0,0.0,29
529,@FoxNews,Wed Mar 07 22:58:00 +0000 2018,0.5574,0.223,0.777,0.0,30
530,@FoxNews,Wed Mar 07 22:57:23 +0000 2018,-0.5423,0.0,0.741,0.259,31
531,@FoxNews,Wed Mar 07 22:57:00 +0000 2018,0.0,0.0,1.0,0.0,32
532,@FoxNews,Wed Mar 07 22:45:10 +0000 2018,0.0,0.0,1.0,0.0,33
533,@FoxNews,Wed Mar 07 22:39:00 +0000 2018,0.8225,0.286,0.714,0.0,34
534,@FoxNews,Wed Mar 07 22:32:00 +0000 2018,-0.5106,0.0,0.823,0.177,35
535,@FoxNews,Wed Mar 07 22:30:00 +0000 2018,0.3832,0.178,0.822,0.0,36
536,@FoxNews,Wed Mar 07 22:24:34 +0000 2018,0.0,0.0,1.0,0.0,37
537,@FoxNews,Wed Mar 07 22:15:00 +0000 2018,0.0,0.0,1.0,0.0,38
538,@FoxNews,Wed Mar 07 22:10:53 +0000 2018,-0.8166,0.0,0.694,0.306,39
539,@FoxNews,Wed Mar 07 22:09:57 +0000 2018,0.5574,0.153,0.847,0.0,40
540,@FoxNews,Wed Mar 07 22:03:00 +0000 2018,-0.5106,0.0,0.852,0.148,41
541,@FoxNews,Wed Mar 07 22:00:01 +0000 2018,0.128,0.081,0.919,0.0,42
542,@FoxNews,Wed Mar 07 21:55:52 +0000 2018,0.0,0.0,1.0,0.0,43
543,@FoxNews,Wed Mar 07 21:53:20 +0000 2018,-0.4939,0.0,0.625,0.375,44
544,@FoxNews,Wed Mar 07 21:48:43 +0000 2018,0.4588,0.167,0.833,0.0,45
545,@FoxNews,Wed Mar 07 21:44:18 +0000 2018,-0.34,0.0,0.897,0.103,46
546,@FoxNews,Wed Mar 07 21:35:48 +0000 2018,0.0,0.0,1.0,0.0,47
547,@FoxNews,Wed Mar 07 21:35:12 +0000 2018,0.34,0.179,0.821,0.0,48
548,@FoxNews,Wed Mar 07 21:34:36 +0000 2018,-0.5719,0.0,0.802,0.198,49
549,@FoxNews,Wed Mar 07 21:33:35 +0000 2018,-0.765,0.0,0.664,0.336,50
550,@FoxNews,Wed Mar 07 21:25:14 +0000 2018,-0.3818,0.0,0.776,0.224,51
551,@FoxNews,Wed Mar 07 21:20:02 +0000 2018,0.0,0.0,1.0,0.0,52
552,@FoxNews,Wed Mar 07 21:20:00 +0000 2018,-0.296,0.0,0.879,0.121,53
553,@FoxNews,Wed Mar 07 21:12:42 +0000 2018,0.0,0.0,1.0,0.0,54
554,@FoxNews,Wed Mar 07 21:12:32 +0000 2018,0.0,0.0,1.0,0.0,55
555,@FoxNews,Wed Mar 07 21:10:00 +0000 2018,0.2732,0.149,0.851,0.0,56
556,@FoxNews,Wed Mar 07 21:05:00 +0000 2018,-0.7003,0.0,0.547,0.453,57
557,@FoxNews,Wed Mar 07 20:58:00 +0000 2018,-0.2023,0.201,0.488,0.311,58
558,@FoxNews,Wed Mar 07 20:54:00 +0000 2018,-0.5267,0.091,0.61,0.299,59
559,@FoxNews,Wed Mar 07 20:46:00 +0000 2018,0.0,0.0,1.0,0.0,60
560,@FoxNews,Wed Mar 07 20:43:00 +0000 2018,0.5859,0.241,0.759,0.0,61
561,@FoxNews,Wed Mar 07 20:39:00 +0000 2018,0.4215,0.157,0.843,0.0,62
562,@FoxNews,Wed Mar 07 20:32:58 +0000 2018,0.0,0.0,1.0,0.0,63
563,@FoxNews,Wed Mar 07 20:22:41 +0000 2018,0.4215,0.167,0.833,0.0,64
564,@FoxNews,Wed Mar 07 20:13:33 +0000 2018,-0.128,0.0,0.923,0.077,65
565,@FoxNews,Wed Mar 07 20:09:53 +0000 2018,-0.6908,0.0,0.68,0.32,66
566,@FoxNews,Wed Mar 07 20:06:46 +0000 2018,0.743,0.289,0.711,0.0,67
567,@FoxNews,Wed Mar 07 20:02:17 +0000 2018,-0.2263,0.063,0.829,0.107,68
568,@FoxNews,Wed Mar 07 19:57:21 +0000 2018,-0.3818,0.0,0.833,0.167,69
569,@FoxNews,Wed Mar 07 19:45:55 +0000 2018,0.0,0.0,1.0,0.0,70
570,@FoxNews,Wed Mar 07 19:27:52 +0000 2018,-0.6908,0.0,0.63,0.37,71
571,@FoxNews,Wed Mar 07 19:18:17 +0000 2018,0.0,0.0,1.0,0.0,72
572,@FoxNews,Wed Mar 07 19:04:10 +0000 2018,-0.0258,0.168,0.659,0.174,73
573,@FoxNews,Wed Mar 07 18:58:16 +0000 2018,-0.7579,0.0,0.683,0.317,74
574,@FoxNews,Wed Mar 07 18:54:19 +0000 2018,0.0,0.0,1.0,0.0,75
575,@FoxNews,Wed Mar 07 18:48:37 +0000 2018,0.0,0.0,1.0,0.0,76
576,@FoxNews,Wed Mar 07 18:48:09 +0000 2018,0.7351,0.327,0.575,0.097,77
577,@FoxNews,Wed Mar 07 18:45:34 +0000 2018,0.3182,0.15,0.85,0.0,78
578,@FoxNews,Wed Mar 07 18:43:55 +0000 2018,0.2933,0.175,0.825,0.0,79
579,@FoxNews,Wed Mar 07 18:42:36 +0000 2018,0.4215,0.157,0.843,0.0,80
580,@FoxNews,Wed Mar 07 18:33:05 +0000 2018,0.4767,0.193,0.807,0.0,81
581,@FoxNews,Wed Mar 07 18:27:48 +0000 2018,0.0,0.0,1.0,0.0,82
582,@FoxNews,Wed Mar 07 18:21:02 +0000 2018,-0.5154,0.102,0.666,0.232,83
583,@FoxNews,Wed Mar 07 18:14:29 +0000 2018,0.4019,0.13,0.87,0.0,84
584,@FoxNews,Wed Mar 07 18:10:36 +0000 2018,-0.6249,0.0,0.758,0.242,85
585,@FoxNews,Wed Mar 07 18:06:46 +0000 2018,-0.5106,0.0,0.852,0.148,86
586,@FoxNews,Wed Mar 07 18:00:35 +0000 2018,0.0,0.0,1.0,0.0,87
587,@FoxNews,Wed Mar 07 17:59:26 +0000 2018,0.0,0.0,1.0,0.0,88
588,@FoxNews,Wed Mar 07 17:56:39 +0000 2018,-0.4215,0.0,0.833,0.167,89
589,@FoxNews,Wed Mar 07 17:54:39 +0000 2018,0.3612,0.135,0.865,0.0,90
590,@FoxNews,Wed Mar 07 17:50:43 +0000 2018,-0.4404,0.225,0.48,0.295,91
591,@FoxNews,Wed Mar 07 17:41:52 +0000 2018,-0.4939,0.0,0.824,0.176,92
592,@FoxNews,Wed Mar 07 17:40:00 +0000 2018,0.0,0.0,1.0,0.0,93
593,@FoxNews,Wed Mar 07 17:36:00 +0000 2018,0.5574,0.223,0.777,0.0,94
594,@FoxNews,Wed Mar 07 17:35:19 +0000 2018,-0.6369,0.0,0.724,0.276,95
595,@FoxNews,Wed Mar 07 17:22:41 +0000 2018,0.0,0.0,1.0,0.0,96
596,@FoxNews,Wed Mar 07 17:20:24 +0000 2018,0.5106,0.136,0.864,0.0,97
597,@FoxNews,Wed Mar 07 17:17:36 +0000 2018,0.0,0.0,1.0,0.0,98
598,@FoxNews,Wed Mar 07 17:15:45 +0000 2018,0.0,0.0,1.0,0.0,99
599,@FoxNews,Wed Mar 07 17:12:49 +0000 2018,0.4215,0.213,0.696,0.091,100
600,@nytimes,Wed Mar 07 23:51:02 +0000 2018,0.0,0.0,1.0,0.0,1
601,@nytimes,Wed Mar 07 23:46:20 +0000 2018,0.0,0.0,1.0,0.0,2
602,@nytimes,Wed Mar 07 23:32:02 +0000 2018,0.4019,0.124,0.876,0.0,3
603,@nytimes,Wed Mar 07 23:17:06 +0000 2018,0.0,0.0,1.0,0.0,4
604,@nytimes,Wed Mar 07 23:00:44 +0000 2018,-0.1531,0.123,0.727,0.15,5
605,@nytimes,Wed Mar 07 22:56:16 +0000 2018,-0.3612,0.0,0.898,0.102,6
606,@nytimes,Wed Mar 07 22:45:10 +0000 2018,0.0,0.0,1.0,0.0,7
607,@nytimes,Wed Mar 07 22:30:10 +0000 2018,0.0,0.0,1.0,0.0,8
608,@nytimes,Wed Mar 07 22:15:03 +0000 2018,0.0,0.0,1.0,0.0,9
609,@nytimes,Wed Mar 07 22:00:44 +0000 2018,0.2263,0.137,0.863,0.0,10
610,@nytimes,Wed Mar 07 21:52:04 +0000 2018,0.0,0.0,1.0,0.0,11
611,@nytimes,Wed Mar 07 21:45:07 +0000 2018,-0.296,0.0,0.909,0.091,12
612,@nytimes,Wed Mar 07 21:30:04 +0000 2018,0.5719,0.188,0.812,0.0,13
613,@nytimes,Wed Mar 07 21:22:32 +0000 2018,0.4939,0.158,0.842,0.0,14
614,@nytimes,Wed Mar 07 21:19:00 +0000 2018,0.0,0.0,1.0,0.0,15
615,@nytimes,Wed Mar 07 21:14:00 +0000 2018,0.7783,0.387,0.511,0.102,16
616,@nytimes,Wed Mar 07 21:10:00 +0000 2018,-0.7506,0.1,0.571,0.329,17
617,@nytimes,Wed Mar 07 21:05:08 +0000 2018,-0.4588,0.051,0.82,0.129,18
618,@nytimes,Wed Mar 07 21:00:25 +0000 2018,0.5574,0.141,0.859,0.0,19
619,@nytimes,Wed Mar 07 20:45:06 +0000 2018,-0.0258,0.17,0.654,0.176,20
620,@nytimes,Wed Mar 07 23:51:02 +0000 2018,0.0,0.0,1.0,0.0,21
621,@nytimes,Wed Mar 07 23:46:20 +0000 2018,0.0,0.0,1.0,0.0,22
622,@nytimes,Wed Mar 07 23:32:02 +0000 2018,0.4019,0.124,0.876,0.0,23
623,@nytimes,Wed Mar 07 23:17:06 +0000 2018,0.0,0.0,1.0,0.0,24
624,@nytimes,Wed Mar 07 23:00:44 +0000 2018,-0.1531,0.123,0.727,0.15,25
625,@nytimes,Wed Mar 07 22:56:16 +0000 2018,-0.3612,0.0,0.898,0.102,26
626,@nytimes,Wed Mar 07 22:45:10 +0000 2018,0.0,0.0,1.0,0.0,27
627,@nytimes,Wed Mar 07 22:30:10 +0000 2018,0.0,0.0,1.0,0.0,28
628,@nytimes,Wed Mar 07 22:15:03 +0000 2018,0.0,0.0,1.0,0.0,29
629,@nytimes,Wed Mar 07 22:00:44 +0000 2018,0.2263,0.137,0.863,0.0,30
630,@nytimes,Wed Mar 07 21:52:04 +0000 2018,0.0,0.0,1.0,0.0,31
631,@nytimes,Wed Mar 07 21:45:07 +0000 2018,-0.296,0.0,0.909,0.091,32
632,@nytimes,Wed Mar 07 21:30:04 +0000 2018,0.5719,0.188,0.812,0.0,33
633,@nytimes,Wed Mar 07 21:22:32 +0000 2018,0.4939,0.158,0.842,0.0,34
634,@nytimes,Wed Mar 07 21:19:00 +0000 2018,0.0,0.0,1.0,0.0,35
635,@nytimes,Wed Mar 07 21:14:00 +0000 2018,0.7783,0.387,0.511,0.102,36
636,@nytimes,Wed Mar 07 21:10:00 +0000 2018,-0.7506,0.1,0.571,0.329,37
637,@nytimes,Wed Mar 07 21:05:08 +0000 2018,-0.4588,0.051,0.82,0.129,38
638,@nytimes,Wed Mar 07 21:00:25 +0000 2018,0.5574,0.141,0.859,0.0,39
639,@nytimes,Wed Mar 07 20:45:06 +0000 2018,-0.0258,0.17,0.654,0.176,40
640,@nytimes,Wed Mar 07 20:39:34 +0000 2018,0.0,0.0,1.0,0.0,41
641,@nytimes,Wed Mar 07 20:36:06 +0000 2018,0.0,0.0,1.0,0.0,42
642,@nytimes,Wed Mar 07 20:30:12 +0000 2018,0.0,0.0,1.0,0.0,43
643,@nytimes,Wed Mar 07 20:20:56 +0000 2018,-0.3612,0.0,0.848,0.152,44
644,@nytimes,Wed Mar 07 20:17:46 +0000 2018,0.2944,0.118,0.813,0.069,45
645,@nytimes,Wed Mar 07 20:15:06 +0000 2018,0.0,0.0,1.0,0.0,46
646,@nytimes,Wed Mar 07 20:00:25 +0000 2018,0.0,0.0,1.0,0.0,47
647,@nytimes,Wed Mar 07 19:45:05 +0000 2018,0.7096,0.257,0.743,0.0,48
648,@nytimes,Wed Mar 07 19:30:27 +0000 2018,0.1366,0.218,0.587,0.196,49
649,@nytimes,Wed Mar 07 19:15:13 +0000 2018,0.0,0.0,1.0,0.0,50
650,@nytimes,Wed Mar 07 19:00:38 +0000 2018,0.0,0.0,1.0,0.0,51
651,@nytimes,Wed Mar 07 18:50:09 +0000 2018,-0.6361,0.095,0.62,0.285,52
652,@nytimes,Wed Mar 07 18:40:42 +0000 2018,-0.6124,0.0,0.762,0.238,53
653,@nytimes,Wed Mar 07 18:27:53 +0000 2018,-0.2732,0.0,0.89,0.11,54
654,@nytimes,Wed Mar 07 18:12:50 +0000 2018,-0.1293,0.062,0.812,0.126,55
655,@nytimes,Wed Mar 07 18:00:40 +0000 2018,0.5423,0.176,0.824,0.0,56
656,@nytimes,Wed Mar 07 17:54:59 +0000 2018,-0.4939,0.0,0.856,0.144,57
657,@nytimes,Wed Mar 07 17:47:40 +0000 2018,0.0,0.0,1.0,0.0,58
658,@nytimes,Wed Mar 07 17:45:49 +0000 2018,0.25,0.105,0.895,0.0,59
659,@nytimes,Wed Mar 07 17:44:03 +0000 2018,-0.6249,0.0,0.823,0.177,60
660,@nytimes,Wed Mar 07 17:43:52 +0000 2018,0.25,0.19,0.655,0.155,61
661,@nytimes,Wed Mar 07 17:27:52 +0000 2018,-0.3818,0.0,0.894,0.106,62
662,@nytimes,Wed Mar 07 17:26:18 +0000 2018,0.0,0.0,1.0,0.0,63
663,@nytimes,Wed Mar 07 17:18:08 +0000 2018,0.0,0.0,1.0,0.0,64
664,@nytimes,Wed Mar 07 17:15:10 +0000 2018,0.0,0.0,1.0,0.0,65
665,@nytimes,Wed Mar 07 17:12:07 +0000 2018,0.5994,0.221,0.701,0.077,66
666,@nytimes,Wed Mar 07 17:00:30 +0000 2018,0.1779,0.096,0.904,0.0,67
667,@nytimes,Wed Mar 07 16:45:13 +0000 2018,0.0,0.0,1.0,0.0,68
668,@nytimes,Wed Mar 07 16:36:04 +0000 2018,0.0,0.0,1.0,0.0,69
669,@nytimes,Wed Mar 07 16:30:27 +0000 2018,0.4404,0.225,0.775,0.0,70
670,@nytimes,Wed Mar 07 16:23:02 +0000 2018,-0.4951,0.079,0.72,0.201,71
671,@nytimes,Wed Mar 07 16:15:10 +0000 2018,0.2023,0.31,0.417,0.273,72
672,@nytimes,Wed Mar 07 16:06:02 +0000 2018,0.2023,0.087,0.913,0.0,73
673,@nytimes,Wed Mar 07 16:00:30 +0000 2018,-0.5256,0.0,0.834,0.166,74
674,@nytimes,Wed Mar 07 15:51:07 +0000 2018,0.2023,0.083,0.917,0.0,75
675,@nytimes,Wed Mar 07 15:39:39 +0000 2018,-0.5267,0.0,0.804,0.196,76
676,@nytimes,Wed Mar 07 15:37:05 +0000 2018,0.0,0.0,1.0,0.0,77
677,@nytimes,Wed Mar 07 15:33:05 +0000 2018,0.2023,0.087,0.913,0.0,78
678,@nytimes,Wed Mar 07 15:30:00 +0000 2018,0.8481,0.414,0.586,0.0,79
679,@nytimes,Wed Mar 07 15:18:03 +0000 2018,0.4019,0.247,0.617,0.136,80
680,@nytimes,Wed Mar 07 15:11:06 +0000 2018,0.4215,0.128,0.872,0.0,81
681,@nytimes,Wed Mar 07 15:00:37 +0000 2018,0.0,0.0,1.0,0.0,82
682,@nytimes,Wed Mar 07 14:50:11 +0000 2018,-0.0258,0.12,0.717,0.163,83
683,@nytimes,Wed Mar 07 14:40:09 +0000 2018,0.743,0.259,0.741,0.0,84
684,@nytimes,Wed Mar 07 14:30:05 +0000 2018,-0.4404,0.0,0.879,0.121,85
685,@nytimes,Wed Mar 07 14:15:08 +0000 2018,-0.3182,0.0,0.827,0.173,86
686,@nytimes,Wed Mar 07 14:00:14 +0000 2018,0.3612,0.128,0.872,0.0,87
687,@nytimes,Wed Mar 07 13:44:01 +0000 2018,-0.3875,0.0,0.859,0.141,88
688,@nytimes,Wed Mar 07 13:30:20 +0000 2018,0.0,0.0,1.0,0.0,89
689,@nytimes,Wed Mar 07 13:14:06 +0000 2018,-0.5267,0.0,0.848,0.152,90
690,@nytimes,Wed Mar 07 13:00:32 +0000 2018,0.0,0.0,1.0,0.0,91
691,@nytimes,Wed Mar 07 12:45:06 +0000 2018,-0.1531,0.085,0.802,0.113,92
692,@nytimes,Wed Mar 07 12:30:08 +0000 2018,0.0,0.0,1.0,0.0,93
693,@nytimes,Wed Mar 07 12:14:07 +0000 2018,0.0,0.0,1.0,0.0,94
694,@nytimes,Wed Mar 07 12:00:28 +0000 2018,0.4215,0.128,0.872,0.0,95
695,@nytimes,Wed Mar 07 11:44:03 +0000 2018,-0.128,0.113,0.753,0.134,96
696,@nytimes,Wed Mar 07 11:30:19 +0000 2018,0.0,0.0,1.0,0.0,97
697,@nytimes,Wed Mar 07 11:13:02 +0000 2018,0.4215,0.118,0.882,0.0,98
698,@nytimes,Wed Mar 07 11:00:26 +0000 2018,0.0,0.0,1.0,0.0,99
699,@nytimes,Wed Mar 07 10:45:12 +0000 2018,0.0,0.0,1.0,0.0,100
